<?xml version='1.0' encoding='utf-8' standalone='yes' ?>
<map>
    <set name="kotlin/2.0.21 android-min-sdk/26 fire-installations/18.0.0 device-brand/vivo fire-analytics/21.3.0 fire-android/35 fire-core/21.0.0 fire-iid/20.1.6 fire-core-ktx/21.0.0 android-installer/com.android.shell fire-cls-ndk/19.4.4 android-platform/ fire-cls/19.4.4 fire-sessions/2.1.2 android-target-sdk/35 fire-fcm/20.1.6 fire-transport/19.0.0 device-name/V2202 device-model/V2202">
        <string>2026-01-15</string>
    </set>
    <long name="fire-count" value="1" />
    <string name="last-used-date">2026-01-15</string>
    <long name="fire-global" value="1768480706145" />
</map>
